{
  "configVersion": 1,
  "timestamp": 1745780298944,
  "index": "/outilsDeClasse/index.html",
  "assetGroups": [
    {
      "name": "app",
      "installMode": "prefetch",
      "updateMode": "prefetch",
      "cacheQueryOptions": {
        "ignoreVary": true
      },
      "urls": [
        "/outilsDeClasse/chunk-RDMBJ3P5.js",
        "/outilsDeClasse/chunk-T4LXSKS2.js",
        "/outilsDeClasse/favicon.ico",
        "/outilsDeClasse/index.html",
        "/outilsDeClasse/main-QD2VXSGA.js",
        "/outilsDeClasse/manifest.webmanifest",
        "/outilsDeClasse/polyfills-FFHMD2TL.js",
        "/outilsDeClasse/styles-AV5EK5M2.css"
      ],
      "patterns": []
    },
    {
      "name": "assets",
      "installMode": "lazy",
      "updateMode": "prefetch",
      "cacheQueryOptions": {
        "ignoreVary": true
      },
      "urls": [
        "/outilsDeClasse/icons/icon-128x128.png",
        "/outilsDeClasse/icons/icon-144x144.png",
        "/outilsDeClasse/icons/icon-152x152.png",
        "/outilsDeClasse/icons/icon-192x192.png",
        "/outilsDeClasse/icons/icon-384x384.png",
        "/outilsDeClasse/icons/icon-512x512.png",
        "/outilsDeClasse/icons/icon-72x72.png",
        "/outilsDeClasse/icons/icon-96x96.png"
      ],
      "patterns": []
    }
  ],
  "dataGroups": [],
  "hashTable": {
    "/outilsDeClasse/chunk-RDMBJ3P5.js": "d41c180e47ad7b12fb1193f45ed2a5cb5f9c5372",
    "/outilsDeClasse/chunk-T4LXSKS2.js": "cb9b7ad8597610f26accabae86cf5e707c1ebe16",
    "/outilsDeClasse/favicon.ico": "9c39f434fe1261f68c5e3eefdf734630d99c5670",
    "/outilsDeClasse/icons/icon-128x128.png": "f912963bdc6d5a38d8f1dd0afbaab2ce8d657acb",
    "/outilsDeClasse/icons/icon-144x144.png": "b155fd5f2fd5d2ea7760721063003c4cd95fd783",
    "/outilsDeClasse/icons/icon-152x152.png": "eae6e0f0c8afb8aaae339e2a569b43e9238e5e6c",
    "/outilsDeClasse/icons/icon-192x192.png": "15c4180454633880d98674aa7394656196c91584",
    "/outilsDeClasse/icons/icon-384x384.png": "94a915751ef6c9282df9aea405ad679230631814",
    "/outilsDeClasse/icons/icon-512x512.png": "1de182f76f7329dfa8f9fcdd1fdcdd695bea6a99",
    "/outilsDeClasse/icons/icon-72x72.png": "aa88a6096bd973be7f6d7a5489bfa6bc2463f8c4",
    "/outilsDeClasse/icons/icon-96x96.png": "7fb8f59c30ce2ff12c700321a0b39e14b3dc8f95",
    "/outilsDeClasse/index.html": "5c809d2f2a5ed610b0059dc29a12dd57fbcda3c8",
    "/outilsDeClasse/main-QD2VXSGA.js": "474ddfd7ae30517bdf0d5c2e0699dfb2d04b9ff2",
    "/outilsDeClasse/manifest.webmanifest": "0d2bb86764fdf3efb4446621fe3d3ebbf4332908",
    "/outilsDeClasse/polyfills-FFHMD2TL.js": "f49b49a155bc7d192db62a4c15d0a612b460a667",
    "/outilsDeClasse/styles-AV5EK5M2.css": "8b99683141b35e6ead3668d9c2837285c8d96a9d"
  },
  "navigationUrls": [
    {
      "positive": true,
      "regex": "^\\/.*$"
    },
    {
      "positive": false,
      "regex": "^\\/(?:.+\\/)?[^/]*\\.[^/]*$"
    },
    {
      "positive": false,
      "regex": "^\\/(?:.+\\/)?[^/]*__[^/]*$"
    },
    {
      "positive": false,
      "regex": "^\\/(?:.+\\/)?[^/]*__[^/]*\\/.*$"
    }
  ],
  "navigationRequestStrategy": "performance"
}